,score
0x9d11b1e1445b017902e561ceb201f009b3d53a42,79.54
0x978aad63fe35f7a72573c411c3dff53608aaeac9,77.43
0x3a9f7c8ca36c42d7035e87c3304ee5cbd353a532,74.27
0xc4abbb0099c3db6e8bebd3693ed66f7fe020f405,72.15
0x02ab88ddc83fd680395e020b281cd73d941c1df4,72.07
0x3c673dd35bfea5267c4f5598a8d441fb13f8475a,71.91
0x57bf61b835a8a49fe51aa4614f774d9f01bdda73,69.18
0x07326cbe4792e8e3c1f61c66fefee8253eb2db0c,69.16
0x8d093c8c70b5b5ba375d2d301c52d5b9d5ec79e3,69.06
0xce9114fa0e578fc3a8ff3cee9809fc713b2533ac,66.88
0x5e7e3a09995544841bcfd53cfc8a45f33281d2e9,66.73
0xc9b712dfb0fc1a328cbab69dbde92c687c358585,65.19
0xa6308eab4fc51b4d1c1213ef0628ada3c04ff47f,63.57
0x44cb1e1e52f9ac8fc49023c10ab884d2d01a3287,62.59
0xabeab690bd56d307f4bb3b59c2f209c353ee057d,62.49
0x3f4b0089eec7d3e9cc51c9333db927b0f5416e30,62.35
0x6526f255f7f0ee69074e1c1a4c3457f6c2262db7,60.94
0xbabe31056c0fe1b704d811b2405f6e9f5ae5e59d,60.21
0x233f1d0c0abb1eca410b6e1e7d2560cfd32b07b2,60.04
0x6c76d2e8dc43b63d9952594514ed67eeec34218a,60.03
0x3e3742b6b7c0add19eb155c72eacbb6bfc8958dc,59.47
0x331251c7e76d26cb33acc063240ce8ee03ce6ec2,58.71
0xb45de55de3d88b1dc8d9895711c96a0d27c4bb6d,58.24
0xdfb00d9a518d82c9141506bbc6fb1fe5e727f55c,58.0
0x56f999024e23e626a95988ce77d4c7742561ca4b,57.58
0x4654f56a64301b9b582f843f97332d96ead11ff8,57.24
0x3b1978d47c10425ccd26ceba02736b7c6d3424db,57.23
0x23cc917f53ed08c028a9b60067d4de1d7db77f5a,57.02
0x992c0738268431baa068aea38a65627f56b9f4b8,56.39
0xd9418d5bd82754420f92be3583ecfd3e984045ad,56.29
0x21edc17321fee0772bb5a9048f5ceb68769261d9,56.14
0x0e0ec712b3912b5601216455a158cf18152cb62a,56.13
0x6168bb05ccb4aaded0169602bbb6e3cae12902c5,55.93
0x94fa8efdd58e1721ad8bf5d4001060e0e1c4d58e,55.63
0x84f10948e7e8c26dfaff67662d2168147c3d719c,55.6
0x90a286841a7e928509c4016186ee4ced3e2ec079,55.19
0xc630511adc178d3e45004321c5f545eab511619e,55.19
0x30781d7d755845fa50bfdb63ba7b9426a760f3b1,55.18
0x67d3ccbd1d81e7b1427b70d94454e0039271d237,55.04
0xa6e78caa11ad160c6287a071949bb899a009dafa,54.86
0x2ea64c6de91ce1cf3d3761930ac775476cdec742,54.83
0x46a0b4fa58141aba23185e79f7047a7dfd0ff100,54.56
0xa17f75c6d52951699350f308d1220e2dca7b4cda,54.29
0x862efbff8e2a634dbda85b461f4d1c41a557c46b,54.16
0x380e73c229a204c8708a9e95c6b500b59d701917,54.12
0xad54d739ef647b3b29bb5043a16317bdc1ddc470,54.11
0x0be0ecc301a1c0175f07a66243cff628c24db852,54.06
0x9cfd5052dc827c11a6b3ab2bb5091773765ea2c8,53.98
0x93ff0ead0d16e72bc2943b094119710f77841e4f,53.32
0x1d5e65a087ebc3d03a294412e46ce5d6882969f4,53.29
0xc360c4c8fd8c2db40725ca19f7fb5b484143ade1,53.27
0x4e6e308d7736450f110e89f1b1feee963ebef1b1,53.13
0x14559df3fbe66cab6f893d8dd53f7bfe68de9c65,53.02
0xc766ca67ed7216bf6f67e449f9789daddcc0e9ee,53.01
0xc33d98e88682c883fe32b8f6620660692092d39f,52.97
0xed60d8590019e5e145ea81455c01f3e817fe54eb,52.94
0x4f5c0754c5f90e722d78964644bd29687b87c584,52.93
0x39bde2f9254cfef7d0487a27e107ef6c1685e44c,52.88
0xf157eba689047d5d6b0ac629bf46a62a59ad501f,52.85
0xf3ae3bbdeb2fb7f9c32fbb1f4fbdaf1150a1c5ce,52.74
0xa24f2e6dcbd2da9a220958401dab74b365bd34e1,52.74
0xb435871b0959561226b4d903b1abf79528177e81,52.73
0xc3b439e6364b3f8d07754fb782e509e53b3d0b1f,52.58
0xca015bdc2fc7ef0c12f66cd8beacbbc250aa4220,52.51
0x314f5c4756636c0ed347765ae3c1b235ea975e3d,52.48
0xd64813e230b945e501aa1969d21fb2072cb95930,52.39
0x6996c784cda7a2841c3a6f579c896477586a1d9a,52.38
0x5632cf9a1b4ac936a3c6d3d66eb75c0344c61c2d,52.35
0xb0e1088863f02b7edf67324d02d5093de9b19e0c,52.34
0x55857b9a18e15a298136b3118af86bc9503b3eb5,52.33
0x9eacf519f5a1e072339463a61143602e696c751c,52.3
0x4e058516eebf1db6b50d0c4396c608de25a77545,52.28
0x502cb8985b2c92a8d4bf309cdaa89de9be442708,52.24
0x0aba55c93cf7292f71067b0ba0d8b464592895ca,52.24
0x64ead14ad73ac013dcfa181ca72c13e935fb3c13,52.24
0x75d3fcbac90c72c32675cd80b109454100f3c9d3,52.22
0xf47b25c9aa978f080995fdcd0d1b04ce274747ba,52.18
0x0f3c2476fbf0ed09dff00ea7f4ef252dcc72e6f1,52.07
0x53c601621a9bdf0b98adf8b1f7d41ae63bd46c07,52.07
0x9c2dfd5acbcf22cb9a82eaaee95824faf5e1e035,51.96
0xfcb6a30ef6f39edb1c3f8b5dcd5eade4efc2cb1e,51.96
0x0b013cca6335dd62353ca60ecec9c39b5227d270,51.93
0xd527c56dc2ac6a71f04242548039d07006e9103e,51.92
0x6faa0cb9c58c7ce881cc241249a31841adc2f380,51.86
0x445c55b9a5338c45eea6f4cc9c1840883729a878,51.76
0xee37f338220479c8f652e3557f02513bdb11c160,51.74
0x8197ebca4f7a0918156f188f53c3a47381bbdb73,51.72
0x696969e47154bd13f92206bd710361646d0110c0,51.63
0xd18a54f89603fe4301b29ef6a8ab11b9ba24f139,51.62
0xb8fd9b300c2819546013dd45c238ab6fa1eadba0,51.6
0xedd4029250dffa95700aa79685e4a6704123baf2,51.6
0x3ef71b47a6b985f753b02b15b7b64c8985bcc4a8,51.6
0x97a8b6076ed6164df582e598dfb363ffa770dd54,51.59
0x9eb408e53dfa0c877b65bbe874de81247212380e,51.57
0x540b3f3705ea15a75f759c74fa046dbb47d08981,51.54
0x10a4509fb431cf08f52b4eebd62569048606304e,51.54
0x718fdf375e1930ba386852e35f5bafc31df3ae66,51.52
0x4fe95c36bb9b3a81f278569525162f91615e77d7,51.51
0x4c77ca7ff8e548806fdc88e4dfa8ea1e493a450a,51.51
0x40941f5619974c639fe13fe977fd92805fc10ec3,51.49
0x4fc604536134dc64718800361ecbca0df6cbfe08,51.49
0xb4df85cc20b5604496be657b27194926bd878cee,51.48
0xa7f3c74f0255796fd5d3ddcf88db769f7a6bf46a,51.47
0xb0804b6dbe7159bddc1b6c9c00c796d94eee1858,51.47
0x7e1e6c4e8ff242017311c96b75aa2d39ff622f29,51.45
0x1c49f9aa2dec3ad25d4b3efc29a785cf17691370,51.45
0x1a2d4efc833d4a32728b149b6fbaeb0b948d4bbe,51.43
0xb28cf9fcfaa079ff21ceddbfc7b4b2fb9c7bd70f,51.43
0x28d59e2e8d87b4b272a75b384f6f593a41b4df4a,51.4
0xa7f3dfed2bcf7b35a8824e11ae8f723650edfb58,51.4
0x697c62503e0e2767741f55ba8a7d62fd78718444,51.39
0x60987c6d70a9f7ea35c13877ce4aa92f5c73f18c,51.39
0x029d68ff4b05fc4102d8caa77e28c585a32cdd16,51.38
0x23395e68e4a65b5b9b33e3819f6a3058752a1a2e,51.38
0xd84e11bee5d555ccd905817cb8cbbd5b6e6c4f0d,51.36
0x5c10afd2e8c8ae7e282aea60759209f32edfe3d8,51.36
0x2142efcb2870affc21b4f2ebbe3976f446ce2b90,51.35
0x85697c00fb7bfdd5b31826f4e807459fb9941b19,51.33
0xf84cc6a984a64468dfd9da25ec44b40c0eb7678c,51.32
0x0006e4548aed4502ec8c844567840ce6ef1013f5,51.31
0x774f45a32ca6a365b693dfd58d129c959fc159d9,51.31
0xc1e4f98ee6d02aefa7eb53404e9a7a8f41ba0132,51.3
0x9fd31424cfceab50218906bc1b3d87fe7778ca61,51.3
0x92f2a83c63f299a3e5d5f16c56241d11cae4e868,51.28
0x586e32930ac05127de429bd566eaa2758fcbd9bc,51.28
0x6c24d04be59d9d9010082523099ec3d80190a435,51.28
0x293425f7e1f094cd06a264187d830b59e54cac1e,51.26
0xff19ad332cc5bb32703a3058c6f93ce177cfbb08,51.24
0x1e5b5cf3ce6fa10ef40d2a3d06d7bc62d8d032cc,51.23
0x6d2af065ccb60c0f7e8ec5907c961c42a3447127,51.23
0x19360799a15730fac556088793895aa7650ee442,51.22
0x96c8e2a1eab72eea758b6694fb2217c4118bb803,51.21
0x983f14fb20991589de9bdc48d6990ddb8e41d918,51.2
0xa59073c0e036edbdb5dc4e88f42bd9b32d6e968b,51.2
0x429e8a3534b37379c7e5dfa6db41f50d415ba163,51.19
0x3979f8fd1176e266c0b8497ec74cbeab82949a7d,51.18
0xe40afc776c18d8925199dcce78d0b06c9222b896,51.15
0x23732c68e444c09fca1c139d9e90a58217560224,51.15
0x8389233333515783dd3fd382ee7511f0f4951be1,51.15
0xd6390178b2002a0758e8b3486fddc1c4bc23ebe1,51.13
0xf302bcab2e713c3fee240e336a44453f700ce69c,51.11
0x9b1b504491fc206368bf048ff564249d8a81caa9,51.11
0xd998171b51dede5bb420228f8ca6e349daf0fd62,51.1
0x8b26754becb2f0b00f64a4345da8e0f53ddab673,51.09
0x8662f71896d5770e2991a2e6fc1836c5c5ba3a67,51.08
0x000be263b3ceb55d22ed9b40d7619f62c4862c80,51.03
0x9c0d566b965e4361833ae5207b5544bb35827e18,51.01
0xa1df7157e5eb60c4f9bcffb6a2f725a4b6492ca7,50.99
0xaa228431cc2b3db67b456e5be5d6877070ed63ab,50.99
0x199da66fea63520d64b213ee3e7eb7cdfb650d62,50.98
0x1658a95d08bc44111a93f7afcab8444b7e8dc0c7,50.96
0x4282890ff9661a51ea367aeddf341c6f6395d4e1,50.95
0x68579abf20d8962926ac9299a621b85abfcb8c7f,50.94
0xbed4e3cd89918563a9ce4b04cf5379daf566bd53,50.94
0x68f3fe77902b769f839e2763ffdd0858a2cb1fe0,50.94
0x44281ef600c0f95b0d6fbab545f3f837b1bca4d1,50.93
0xc64de5e0f97c21606e1f31426eb5c98ab729c08e,50.93
0x03ed2992a1d07ab57ec01f0c8914e22b53e48d87,50.92
0x45f1e5d98b7c338cd7cdcbcecc47ddef193674b1,50.92
0x8e5d30f161ba3ebb09dc3c1f06515656af34baa1,50.91
0x3173acd056c8d6bb3ec849d3f6ffa90b8fda208b,50.91
0xdbc9454541a32fc0cc1b76cfc674a76aab6233a9,50.88
0x48f3b8871c0da97c2db6ec35e0961fc269870d63,50.87
0xefd0199657b444856e3259ed8e3c39ee43cf51dc,50.87
0xd19604efb40ece1efd6df5de6d3892112b51e99a,50.86
0x285306442cd985cab2c30515cfdab106fca7bc44,50.84
0xd12ca1d1308b34b1ed2aaad8257d52b92af40910,50.82
0x42ab9e1c9332e61eba3a17b53fce2abf73dc8b12,50.81
0x7f9095575034fadc9bcaeb29c5157c9c6a8d89ba,50.8
0xa7f56a6dd807d40fd24f6e0f56f1bcab7dcccaf4,50.8
0xcd5f8fa45e0ca0937f86006b9ee8fe1eedee5fc4,50.76
0xb7128fb2180aa8d93c769ee7d261950c9acf002b,50.76
0xb825beb4ea6ea1285bb68f7cdafab6ba8bae6dc2,50.76
0x9ce8f85083fcf364467a827cb15730102306ed1c,50.73
0x2848b9f2d4faebaa4838c41071684c70688b455d,50.72
0xce75dc60005f890c4ac7b3d3ce042e57ebb0a919,50.71
0x3771eef3e76329ac4c17962a158a895545795c0d,50.7
0xc2351c961181ecd4e682857224e873ebbf956fde,50.68
0x472dbf5a1b070f9efc2491cb3b98445e06599e21,50.68
0x7060380f1f31ec257fb69dd4ec52c2ccc07c31d6,50.67
0xa2cdabfa4141c59e1406516da6d937e35fcf42e7,50.66
0xeb1033916a795e424cbe46868d6c08bfb8a2d2f8,50.65
0x5029259f5f4125d6517c2082b8b942657af3b509,50.63
0xfaf95953a36ed1e8f8426ab5b7eb53da246e3476,50.62
0x40d83d66673ec330c3cdb45b6ac9eb884d262a71,50.62
0x03e3702d91098350d057ded0a05095f703bba2e7,50.62
0x90ea1efad9b6c2df0ad2e4f362048fe22bc126f2,50.61
0xedcd518221d67769f2a85acf801e6ba4918a55c7,50.6
0x98723710a60bf3d2e32c281d8209935e8925e0d7,50.59
0x19ee7696d2a71548a7f1fc9cef644460d7e73297,50.59
0x9dfac9bbe1119da5dcdd7b095db40920cde878ef,50.59
0x9d329842b5c5eece3b094e7b4643a081cc6525cc,50.58
0xc1852f917835a9f2f97112672bc5c8afd1f21dc3,50.58
0x7a2e1aa94f24ff70006fd77611d67d17c36db758,50.56
0x3433139d05ad5cf0f2a5cb84b6189aef6fad5e44,50.56
0x2025a9196d6fa1011080845c6877f6460cdb302b,50.55
0xf0b4fb521eee7561e746a2e01ef933c5a2225809,50.55
0xf46ad3ca0aacf10114c76e0b1c077a154e5522bc,50.55
0x73555792708d34d5d2c3fce67134ea691ceb4d65,50.54
0xd2925983502b2f849c96dbe449179e8b09d8c6a7,50.54
0xd97beffdf558b269257feba5df111ab718b71e24,50.53
0xcdd5febe6164452444b31f1e0f85e2bb350894c5,50.52
0xb361b6d281c5d1d398165e0a8c5a7121f6271f27,50.52
0xc8315afc044408ff3b56b84fe991c84fe0816e12,50.52
0x2a8eef99d6af8dc87b77b15545e439d41e6c9feb,50.51
0xaf7f2ee8a6ddeb1e4b0fbdc8b0ed294e0a8bf1ec,50.5
0xc968c8fd6b87874e17e37cb41e7d8b9bbc640c52,50.5
0x02ef744c9160384ce566b3e41c48fb9b35daf162,50.49
0x381a17eb78501498fa183c81648b4165826e1af7,50.49
0x1fcfd25b25ccead63665cf867f4f7cba3e75de64,50.49
0xb4390289cf47c5c05626cf75ab4da28e70de3e1a,50.49
0x26ec7fc8b97d013d3d0664ab78abcb401bf186f0,50.49
0x52feb9bf6f37bbd01309515feec062632f5ccb2b,50.48
0xf3061977e324ac93e7621f397dffc7bc78489fd4,50.48
0x57ef012861c4937a76b5d6061be800199a2b9100,50.47
0x1ee5d92751c7141798b399dffa49e41591bf3caf,50.46
0x2c577602ce5b70341bde7d90d21437242a883427,50.46
0x0e532f71e574e0d2f421e381e4d1ae2c7097b7c8,50.46
0x83e81d747529f0eb6145b149c438ab7f9bbd651c,50.46
0xc78ce4e51611ed720ec96bf584bf1b1658fd2379,50.45
0x003c52a71c887461087154eccced08cb1c5384a5,50.45
0x9e5bbca4fd2502336e6c04edec3a4a08b5071df5,50.44
0x4ae0dbd5c700c64faaf85678fc1fcdf6aba5c5dd,50.44
0xc5c04a665048403b7d7f4f5f1b165cf64385d9c7,50.44
0xb32b2fb57152a6091fba9fb4803e2df0097c55b4,50.44
0x202f0241efd14ec8d82f1165f217ab6cc29fad23,50.44
0x60dc0b25f6aa160ec8748a52f6c360c213454bd1,50.43
0xa5c3a513645a9a00cb561fed40438e9dfe0d6a69,50.43
0xffbfc78cd57025f3ef4e478ac5f909a20a22ad50,50.43
0xd3bb48f4f01876783ce5f67392c1fe05e1fa0918,50.42
0xf189bda172ddc4b6250b8c2cfbc174af18d3ad29,50.42
0xa81149cb28e2f2fec9bd1ec70f0358683750de13,50.42
0x121667b6690f5040c672c3df912a5aaf8735ca23,50.42
0xff5269e8ae6a9f2ff2a93c770fd35f8ce71712f8,50.41
0xd589607cb9b7ad12b50b528b0dff157f749df285,50.4
0x0118289457e9fd02c05e37e27a11bd09d3500021,50.4
0xd8c29a026e4368ccc5135a55e77cb0872d14cdc8,50.4
0x2f8ad7e46f984410eb9bdf4b9ecf525db20d0dd0,50.4
0xc5b1928cef3298a5b27a09055bd57149c19edd7e,50.4
0xe8bf424e047372d249d0826c5567655ba3b72f18,50.4
0xe8a6dda00bbf8634962bcf82a18c5f1b3547bb39,50.4
0x55a202da4d74e4d4273f85df72e74f0342c52209,50.4
0xe07e487d5a5e1098bbb4d259dac5ef83ae273f4e,50.4
0x4da2e85d64bece663ccab06e89b970b6b077f22f,50.39
0x6cbbd5d5e3f71280a568823adee4b18cc1be5e32,50.39
0x2346c6d59c3278729fbb3d472b6b901d2defe1bd,50.39
0xe41b78ae5c2b19caf9949f38f3d49aa3f50a8afd,50.38
0x2871b76c348e12b88a28cef388d37326e85e2fec,50.38
0x361622264aed52ff036ff8314adff6657c4153e8,50.38
0x2b6a4f029de9f6a17c0413b393770cacf28f6c8c,50.38
0x178b3e32d7e72d515ee2fd12f17fda9f553ce216,50.38
0x000000aaee6a496aaf7b7452518781786313400f,50.38
0x8782696569cb4b825f6f1fb457c14dfb823187e4,50.38
0xa1872b9b494556777d2b3ac5e699cf7fb377bafc,50.37
0xd3293cbdb67c4fa6dfd4661c10f11d5b9ea9bcd8,50.37
0x1e4156224fa1298f33de72fe1554526f7c37f3ec,50.36
0xf85a551811c40e7ffb912a21efe2c26277be8ebc,50.36
0x1a50a6238eb67285ccd4df17f75cce430baae2a4,50.36
0xe6f6f9492098aad009faa3f9b84f35c0b6ee7f3c,50.36
0xcf5c590f3456a9e76633090772eced2d520d9230,50.35
0x0598df9ef51616e9c015a4f17918507259b22baf,50.35
0xc424e90ace50df63efe178ed5f28cf3759cf51ea,50.35
0x2a06cd16265ddedfee2ac3b41f0aae2fbae241e3,50.34
0xf6fdee29e3a14610fdbe187e2d3442543cfa45b8,50.34
0x415f0d59c06ccf2bd5146c1d8b1e8ee9437045f3,50.33
0xba9d373d14ff405e9cafad7e21da3e86ac889fff,50.33
0xfdf9c91fa7157eba9fa6b85a923585c0d0b9f6e3,50.33
0x6a76274f50711486ab0799e75150130746ab542b,50.33
0xfd1935fd3c8f49723deb7296c58ba4bb1a0e48e1,50.32
0xb5209fe9a0341a2dc9c9ce19e48728bb9963c81e,50.32
0xa8696af071914351810dd5abb03bc938cea2830f,50.32
0xcf23abf7047685fb020ea16ee4feea3a195edcff,50.32
0xc40c82d5917f74c97504c5de063f7c4eb3a01750,50.32
0xc9c50b55c3085606ff05c70ac8cbaf26240891ae,50.31
0x13dc08f5ddbcbfdf6ebc04c909c3052a2aa7a111,50.31
0x740ed6d02e273fe0f46c997f6d894b8e26ddf757,50.31
0x47917255d73810620c841a35e5ee42c008e951b0,50.31
0x5eca9a84b31f7dcd83c68b015df498b0c4f65f6c,50.31
0xc3fdadbae46798cd8762185a09c5b672a7aa36bb,50.3
0xed6e891a405e8ad9692ac1ad2f0833debc7e4f86,50.3
0xbfc54c36fbd010d53975ef38e90462c1a7afdb60,50.29
0xe80d953d0b4f2931549473e803c95f559b6ea58e,50.29
0x048a81d4ab58a7670308f0d6728a0bf825c6ae5f,50.28
0x9b4e28020b94b28f9f09ede87f588e89c283cffd,50.28
0xfcd34c86de414b955c41239cff04cd67c04417d0,50.28
0xaaf4d001080b511df8ad90090c435ac1affc5a1a,50.28
0x2cc3eab54a605d9af1ef0506a7ad66652d73ef20,50.26
0x9ef190ae70ce60126d1899fe29645ade741eca58,50.26
0xc023d24aadf84c20dfb554e90669797b48ac8620,50.26
0xb9ed3a2b35396e960af7a812d330726678795d29,50.26
0x0759d524faa4a6f27423496c8eed65daf27bfa96,50.26
0x9dafd2b0627955f9398f65324af581d44958d4d8,50.26
0xf11d95bd4c18e4a792cd3ffb581e2c30890724a3,50.26
0x0b9b7a99308064bf1238dff693237429844fa623,50.25
0x985c0748a95d30ba0585dbc33c4c366a56be8ed3,50.25
0x2e2e054353a54f98ae44be6b4a6883a597202e1f,50.25
0xe670c92e93f88761004f86b28c101cd8b9ca57a9,50.25
0x7c76f4db70b7e2177de10de3e2f668dadcd11108,50.25
0xab04cad5755d150d384fe6b1bd3dedeca670a01e,50.24
0xdcfcbd0ee537882be942477c0955b97ff1903320,50.24
0x39170b2e81923d226334e446ad1ce80341f94a5b,50.24
0x605129f139e396e1a432106e6c5245482ae75b79,50.24
0x6160b08d3efaa092db1b310e96118ce9f7169325,50.24
0x84443f61efc60d10da9f9a2398980cd5748394bb,50.23
0xd328aad3252df1b11ef6bda598b5998eb28f3e32,50.23
0x909ae1fc12c1c64f7554dc27a1c7785efaba79b7,50.23
0x1a01ea6f99123f161554ae7d489976fb95d0309b,50.23
0x7a1437563a366169ca566e9bcb1f7482bedbff14,50.22
0x3123f7271ee3ab8041328b6812439d11bfc79817,50.22
0xf73dc742b6ca210a153ea556ca79b6a7ebbeaaeb,50.22
0xae3c67b8aa12e458f2b4eafc0e9209710582c9d3,50.21
0xac9ba72fb61aa7c31a95df0a8b6eba6f41ef875e,50.21
0x009b56330ae5ec5042b9ca46ddb3043cc0d006f3,50.21
0x64b51b755330e8c3bca0563670c751c3902eee0d,50.21
0x02ce3b6c086e88616783163fb095578c86fbd4a9,50.21
0x2f02f9e063e65a10342e221160eb43d638ec383a,50.21
0x41f2c7d530bb3ba3d9ef993c1892d95fb5deea95,50.21
0xb678853c57b94da8e6ffbf0e792e9c31788d84a2,50.2
0x60fc976145dd135c6bbc7df9406a60e8c2123850,50.2
0xc95be28595eb64485dac63ad14f15e41c94ee468,50.2
0xfed25267df17bfab23a1f8a26802674769d28c7b,50.2
0x58df55d6ab2db99d440241a607d91898b9ffd046,50.2
0x644239848c7b402d813295893db428aae7cc4cb5,50.2
0x7e5ce10826ee167de897d262fcc9976f609ecd2b,50.19
0x30887fc55cbfad3487cb55bfe1779f6d2ba1c118,50.19
0xf7085e76b02b6718a261a9b935339c1092383c1f,50.19
0x7a6ab4fe07d4b65a3a3b4a28cbde57ebaed9cd81,50.19
0x1c27590d3cfc7115eb8b35b1ab26d6cbc98a3906,50.19
0x159038f1e0183b3ef4eb197016214f6486189338,50.18
0x8da2d05400ee2e3d2053fa65a7629e3812312bb6,50.18
0xdede431dab9a59a99d6c6e7f998ebccc3cbaefd7,50.18
0x524802b34cb508be2062d02a6e1cf577c2e66fba,50.18
0xeae9132891b3e8da72ad8971f83744cd345e5ba0,50.18
0x1960d38799b4ca8677c27f9f4587380913a3ce54,50.17
0xd93032a49ae41e5c1281a1001e4bcbf2ae68def7,50.17
0xd4d5b2788812b2c4df6684050361a0204c9985b6,50.17
0x77d8c672d9fc98e44a036b2b24f51a9613da7e41,50.17
0xa900f41187fffa3524ba8243cd1570bcb338f710,50.17
0x95cfaddac52b76da6e858dd0896a46fcdf79e486,50.16
0x53c19cf633c65adb9748f884dbd84bd4eded3fba,50.16
0x35e283f461a9ca2e3a5765e72815c8d1dcb66ad6,50.16
0x80cbe79db5cba89d98b751d706f76b7980176293,50.16
0xca85b45119cbea766b65370cb7a6061b9060e3b0,50.16
0xabe65a54b5b5db177434ef4a84cf4b1512449e0c,50.16
0x23c1d8550966bf6a1fb04fce5dee74c8dd9eab33,50.16
0x34456a0a60af4afd40b20430e19bae1f3338504f,50.16
0x6a8ff90e596e037b2ded3881c19ab4fd1727a0c8,50.16
0x5641519cc28def80d631baa28b949f17a6a22ad1,50.16
0xd8a62ad8a7efa8a3267932d2e478c026566fbe34,50.15
0x4bbaf33a0a601618dfb876a96729dc7d1cc449fe,50.15
0xaaa4ab4966e54d856bf2fb33a850285b30ed45e3,50.15
0x5eaae5e94995202c2183956369b1700450b2c89e,50.15
0x7245386b3e4d58a34eabbc32879dd95f0df697ba,50.15
0xe69f609c75f8640fa034166c63929f2875c01343,50.15
0x9080860073ad25e31ee3bde8114ac5e7ec678138,50.15
0xea684b99872bd23a5ed067ee64d006496799c1cc,50.15
0x4c3278cf1c45a3e5bd2000242207870b6c015cb8,50.15
0xec45c8fd6c9844be241fc2ef399f267a21210fd5,50.15
0x3591d261da9ca19d83de5028d4caa02f22aaf9ee,50.15
0xb616086f87478c5dc1c7ac1fa904ba934ea50e8f,50.14
0xfdadbe4c8fba7bf5f2fe1ecc82cb55f14ba379b9,50.14
0x1997169fc82abdc3f54e14e1e2cd75cba24db73c,50.14
0x9640a35e5345cb0639c4dd0593567f9334ffeb8a,50.14
0x96d747350d3d3f26a06e1e2f523f74ce910f4a55,50.14
0x9792e20ebef1c51f9cd6331af8875eb49c78ef0b,50.14
0x1d428e4d7b36b4d114db519982e77d3fe3371632,50.14
0x737284cfc66fd5989f2ac866989d70ae134227cb,50.14
0x3033a0657c4823897440b9121c425ec761a7a694,50.14
0x54f987c0a786031357427211046d9e7ef61f3891,50.14
0xa5d32c621b11696a24efbfbbb6ef550ffcb29b28,50.13
0xdc19464589c1cfdd10aedcc1d09336622b282652,50.13
0x839395e20bbb182fa440d08f850e6c7a8f6f0780,50.13
0x64ae361c1c55f61a02d2c67a4c78457d5169ac56,50.13
0xa9d43d5b22e5eb975df03f54a90e4d630f448f4b,50.13
0xe826cf83f03732ea35eaf4cd9627d57529feca4b,50.12
0xd7925984736824b4aecf8301c9aee211cd976494,50.12
0x1f9a1d61fbba4170451726e1a332de94e5afef8c,50.12
0xc6363b9eedebf3e744d0f4c6ebfe7bd127b6716c,50.12
0x7345c51439d1c84949f56a6ad0ecdf3f3f1d2be2,50.12
0xcfd378f0c9235c671cbdaf97c10778da6f8298ce,50.12
0xe8324c980791df99215b4e337d1dee5f5c0988a8,50.11
0x2beb2ebc0a78c40c66e7cfd013f9616679671c46,50.11
0xc6f6c89f7f297b5230d2fd028ac06f0677c1857b,50.11
0x7f22f77a78e2f92fb4f6ed85df8eaa980e845ede,50.11
0xd1bf30002eb933155858f62dd5973749d8c516d4,50.11
0xecbc2901efd668a049ec86e847c3a70552d128a7,50.1
0x80e7e06f096380dd0d3f9cec4fdece370db4cdbd,50.1
0xe5c10b9988ce6f1e56cc3a142f2364edfa890ce5,50.1
0x3a804a720a6c62b42867746afede4b107ecac072,50.1
0x6cf35dd90be3717bf155dbb5db99477b5d84e368,50.1
0xbb8cbfb58953458db4f3fb2aceaf8f1873253d79,50.1
0x0baf7b79f9174c0840aa93a93a2c2a81044a09a2,50.1
0x9e9bf7495369e73e76e0f41c00481b16a270711c,50.1
0xfde695f57f1800f6a6012038ba6263f436b3cf68,50.1
0x083674408a89ccbb0fc9653cf93a1de0b017a2e2,50.1
0x2cdaedb560b5b1ade8804f891c0e0e083209758e,50.1
0x58dee59cb30b564ed9ccaa85c9fcaf053fdd6dcf,50.1
0x419e0d48a5d64e90205d1c28edcb7fab04a0a88d,50.09
0x2923be587904f3034ffab36c86c495df3c21bc97,50.09
0x3861a3c9c3362a5276ea59be4707ce5700b9c304,50.09
0x6655459bab7a5e99f2d61279316f6d0a465be784,50.09
0x23d6f869c4a64f1e8be35c777fdc523cfabee9ef,50.09
0xc4126a64c546677146ffb3f3d5a6f6d5a2f94df1,50.09
0x29bc5fb2b177dd3432661ee5c67e7d7008350fcf,50.09
0x9b3611abceb1550b7ff2ebd46cf6ae4319130014,50.09
0x8510e03762a1b4ea8c6118048f50af0a28f88d12,50.09
0x0235ecaa45c4ce4abaf58c21e70c103d1bd745d7,50.09
0xca125321e0a8a60d882f1b38fb7077aaa8eaf53b,50.08
0xfd72fac7d08f9912e5d02091417304d5a0072e2b,50.08
0x6b790599ea89be7f68268eea87bbba9cab5cfb68,50.08
0xce9d0fce9560d8ee4b3fd9a2291635ae9843aea5,50.08
0x2d25dedc2a061741e07843451754fe363107b0f3,50.08
0x16f0a28f9a7874207dde61895bfeac49a34915be,50.08
0x272c603e0d852ee013d83669b67b164773cc8d0e,50.08
0x153e016b77a1a0667af61c05187897075d526781,50.07
0x3848ce8d9c1287fd0419334e5f98c0514fcc7221,50.07
0xbfebe09d854272c3aeeb1e4411c2b02a83d0339e,50.07
0x15c423e2c5e4980d556acd3a02ccb160d0a1d03a,50.07
0x97889c952368b5ae0def08eb845ec1ca212b6f2d,50.07
0x5ce259aedcd14038ad2c35ecaa7b6b2974d339ac,50.07
0xbb1e599e15f2bf248732ef060cadffeb6363cc4c,50.06
0x3783f95b6cc030b1ccb735bdbabe38b4dcf1cf9a,50.06
0xd2adb7b4df854631fa0f790a93b2fa25fad3f56e,50.06
0xfe5ac7992254e93b9aa4d4f1f4dacf01150d85ca,50.06
0x5d94606fdceca06ba90d7118724bf36673951eee,50.06
0x38885d2397cae1083c52da70e91dfbf9d1963ca3,50.06
0xc6af895832bf156c59c8c0b59fc31179d5f7019f,50.06
0x5d041980e76e766c0b8ca414c4244e75942ccbf2,50.06
0x20aec996ce9d508a7f51b2a217bf6a87b6be0ef1,50.06
0x49a1eb39534f378722036d41d3ab5c92e86b55cf,50.06
0xd918fe4229e53ecbf53de43c2a5b5e3aa735c341,50.05
0x095e5d0fa083bf92f09e590c899aa962dd1bb5c7,50.05
0x27b69c405d6c58f5dd83ef7e117355a4942014bd,50.05
0x7c65eeefff2b7127df173b43b7c93b93ab75c7e7,50.05
0x0ac4cfbcc7dee4e7137f8af0b94ec725505fb227,50.05
0x1955c2b76b1cf245795950e75eb176080879da50,50.05
0xad18b370f7359bcb2ae510fd06e13dc749cbe19c,50.05
0xd9a25a008d5e5973a7e439002327a62d56adaab5,50.05
0x75a539db04dfcd914b7b2e985662e586c3da3ed4,50.05
0x8af82f495137b95e59cbccecc4479f1e07df5f16,50.05
0xb9e5436ccbc77b8c25a3fdb53273cfde1e85990a,50.05
0x2dea05a9dc86df71c69c891a959aa79fdc8ec8ad,50.05
0xaa8e2e0d59dc2acededb3be9dec442f7671ffeb9,50.05
0x77feecc45fa31f2639d4c1cee0ccbf138387d79b,50.05
0x00efe838a629339d98f565956e055b64724840ad,50.04
0x3f70d4927adfad26eb7b1574eea7939d347d902b,50.04
0x96c7163acac46c6d14b41b5ce141e628ec4c1760,50.04
0xca1dbc246cd82d379f3df25732ca79ffe12b6032,50.04
0xe286e8e6e2e60cac9d077b3a42e2cd79c5faec4f,50.04
0x5a9c80f8af323177a03037674157d4120cc1f28b,50.04
0x96482d545d2f0513dac4f037e98685ca7a3d0afe,50.04
0x952e2b42cde62d9917f5ccbdc59589417bda9d06,50.04
0x26b46c62a7ef0a545b8ce0f6f972da9394661bc9,50.04
0xeb7f712da1b63321df34d12056c94e97aaa99939,50.04
0xbace5a7e2fc96055d463166a9f6ad781c0f35be8,50.04
0xffaccef20064fceae070107e8e4821a7fa981bb5,50.03
0x770fb298e70df0eb42235671a53e3210dd2ec2e9,50.03
0x00fe460a15b49d09f39b057d0f1a7b9444f4f2be,50.03
0xd03ff5274e6ff0b43cee31cafe1c40324fe5d33c,50.03
0x360b121a6f4de986bbcb0139775f6a25105130a9,50.03
0x81da4f0bcea8d330d790da28bf5349d29ad51fda,50.03
0x3cc228f907bc37cbfdc1e415d2129d68aa3c4864,50.03
0xb631651cb570ba0c0d696bd5e4860cbd214f20a0,50.03
0xc9e7a40b20e2b10b3619109a74e9e6ef17c31299,50.02
0xa53a13a80d72a855481de5211e7654fabdfe3526,50.02
0xffbc36636cffeee51593f6f8048f618138b5b793,50.02
0x6fcd805a06d424a45b226f951b0a7a7b662831bd,50.02
0x0d5926184e886db1a736d88f0fb257be3f99ebd5,50.02
0x18b4500ebfe39ae1e13a03915c2ab0d62a1430a2,50.02
0xc04d6b100cdbb807bb7913fa68ff0d5990e43dbe,50.02
0x63ddb0d7750aa11251330fea651e2a7fa1db53df,50.02
0x2800baabf31d8e53e0f621ff08b94a9f91d9f1c0,50.02
0x35440df5c2fab7f5dd7c101fdf94a039a00c6ab7,50.02
0x686d0b9d00ce38533f6fb009cab058757f37a904,50.01
0x91b57d4077fb560bddbb4cbe81546b10005b587d,50.01
0x204d4879a3975e97c852cd89df57ce08a6d2aa20,50.01
0xb58f9800f74fea404b58f94ca3685d97e4fdfbed,50.01
0xbbd13ca6aace2a8eccbde88bc7849c3c6e4e172e,50.01
0xa0dac30ab1def9f4daf42ea94509a51783c78c4f,50.01
0x44e88af9ccecc4de798737cc70ee011f6c38d00e,50.01
0xd63b87fa46652a28cb3ffcbc56f7721fc60943ad,50.01
0x848102e06b5f603c7eca9923f8da8517ef99b4ab,50.01
0xf5d26d8bde798b381828c5a3b214abc60860b9da,50.01
0x8014a798ca117e4c44047f5c6cc617bc54296284,50.01
0xa4f965e38a7d2795f43eebbed1c160319adbee04,50.01
0x1d7c8084d7307c661c414085b30f5d74056ce6dd,50.0
0x1a78e512008b2fac6cea2b8d8e54f1e304f3cd2d,50.0
0x3ee505ba316879d246a8fd2b3d7ee63b51b44fab,50.0
0x924d0812ccfa3811ec185f54803cc2a87e59608d,50.0
0x311c38520151b0bc500d60eab5548c1cefec8fed,50.0
0xb141936c797fb48714c37f9168d8dedd47975191,50.0
0xf92d38c0478a1932300d17d4d3af5bf91da8bf14,50.0
0xfe1bcd4fae7d1f04a744aa51d2cf4efd5277762f,50.0
0x7a75da34c346f244e54fa2f71b25560efb1f9b20,50.0
0x7091de9a5435dba7f051045d64c5ef56bd96064e,49.99
0xa918add8803e65e97410ec42ae359dfe6663a8a6,49.99
0x45ce9d7bdadb704c68242118e2b8586e491e5c51,49.99
0x094646895a32af6226297280cb58b5401e9f7a04,49.99
0x57aeda024fdbc8e1ce19cb9a628ca39747e3661f,49.99
0x2eeeedef8f6d93facfb10521103eb377cbf930a4,49.99
0x1a6e64a15cb07639eb27471e422a947085c2f4fc,49.99
0xd25586480e0419024aa3b4aff214bc8bf061fc87,49.99
0x717ab1c60e79464ed2e2980a131fe5774b855789,49.98
0x92be89852867b06d8f77e110d95e7e5dad2f5359,49.98
0xd8982cf39b93ca723ebbca49efd04d4777a9686b,49.98
0x8a982ac699aa380f0fe1924f4cac260f596a3774,49.98
0x00778a211057c47a9f8885750bbf48226771bcdc,49.98
0x8f46901fc234cd942b88e6056ea58226207f4ca5,49.98
0x8f9ea522c7b8026f3308f6aeaf4a4e458206b600,49.98
0x103de93bf9468164c48a46fdaa1a5a74899cdabe,49.98
0x389135c984febdbb310adaf23a690dc28c8fa62b,49.98
0xd08cabe704034c50ecfddb73db12d6bc6a453f05,49.98
0x515d82a74a9aade721801da71fd35f09799cffaf,49.98
0xcdf449b5c9bd2a725319163c3e7f2d7222c4d8c9,49.98
0xb326f62afa5cc4fce10ac486d4991ca0ea90b6d0,49.97
0xdfb672378f7901a4cdbd6f76b0014ef3f8ecd7af,49.97
0x86b6b58b85b68630435b381e61144341ec361337,49.97
0x6976b21f3c91bd112aa41a6ef9be5212852db6f5,49.97
0x06faf1d63a900d62679f22af2ae8ef6c78eec9fd,49.97
0x59e3adae9267f874b175df394abc5fcd0fcf8175,49.97
0xd5a57e97c9532768a05f29f8c7c70bd990e01471,49.97
0xb4c6a5e9b481eb4cad2573a01510a924bb2f2341,49.97
0x2c99d50eb4daa1d26b5ba0b1daab58cbfc0ac3e6,49.97
0x72a38f45f57d8c25425a1712e7bf121159bf48dc,49.97
0x8183866223445441b6fb9206b9f0b583410977e6,49.97
0xb36d37110417c0ca0b79b5d262868cc9444f7550,49.97
0xd3d4ce329824372655ba5303d609a73e56693164,49.97
0x034a4081df0c5a039d05113a7d0b334083a7b084,49.97
0x33784dbf0433530d4badd39baef04f98d0c0de94,49.97
0x5a92bc71ff2cee03202db6b625cb074d588344bb,49.97
0x3996769bd6bf1f7380895bc969302804b3d3125b,49.97
0xd372d109ba3f475a75ef27a0ad00044f33d09a4e,49.97
0x14c90b59f95b9405113dfedbae88fdd20c29ee36,49.97
0xb1998487b4cd187b4c4d1ad81a957ccbc10a0f85,49.96
0x8fdd427fdb9dbdc5d2798cc6711b616467a802f2,49.96
0xd8cc3c23c9feb635ba1b18fd449188dda3b086c0,49.96
0xa81d9946244f67a1a0fc8812439bd5efcc777c0a,49.96
0x4685bb0077179b45095a3c2a175acd9b3cd59d1c,49.96
0x6ec440154dd9c34e01d54779d55cd861de77db59,49.96
0x84ece745851c477d15cfda32c71f2bebdbfb6218,49.96
0x355d22caaf4c153e72f50a875bb9e79a2aebe398,49.96
0xa4da0f347c6abe0e8bc71b5981fd92b364eda4c2,49.96
0x1d3af9f6018c518bcf6641658eb8374501b93709,49.95
0x66215d23b8a247c80c2d1b7bef4befc2ab384bce,49.95
0x7a9cf8d9c6d2e7c465b5f28550488f5500e086fe,49.95
0x4f3a36c91c392781536348c03dfb8f6e265c277d,49.95
0x5424290830e5a379e90050b15673d6ca7a9c5430,49.95
0x8242d744f0d94f3a3e11258d727ec093e2b4589a,49.95
0x9079a0a7e0ebee7650c8c9da2b6946e5a5b07c19,49.95
0xb9a8deae8115c7d7b8aed2ce4610c54e023e964f,49.95
0x527ec55e69b680cf846da2d4f9dd7f3b1b2a44cf,49.95
0x42336826ae2d0cb9ddcdea88dfd023a6b48cd926,49.95
0x606420fc17e08ce7d85a5068cede5542c0e47128,49.95
0x2a4e6c78f12333481a6d932ba526eb56bd64f008,49.95
0x8873b045d40a458e46e356a96279ae1820a898ba,49.95
0x2d244257fa51d0d9a74fb36e71eec0d964931699,49.95
0xd0b5795bf8a5f34772d77572a7167199b658dde1,49.95
0x7cf6f36854c21758868ff0af84310546499135f0,49.95
0x9b520fa2e47e024aadb2bad83cf9a50ded982583,49.95
0x838b07f4304795cb5f9aa85dacf194765b3e469a,49.95
0x352f4060285b2c5e66eed5e61b6fec06e16af058,49.95
0x119e26e8809efd0d2baf690c62bd847271f2e96e,49.94
0xebbcc9b60e2b819f2758c205c8cd986133d21005,49.94
0x06763a0717f74b33840ebd85122a5093f828ad38,49.94
0x950cb6d8f4f78650ae968a7cd3674265a2e15096,49.94
0xeb97d37bb6cd268ddb25e67cfbb9b3f7468db46c,49.94
0x2a1049062c6cfd69bd38fbaf3b0559df1dbbc92c,49.94
0x3660581fd4bce34ae6d9d29f619e9561564f20ea,49.94
0x297289405faf325d416658e93d93d0ade229528c,49.94
0xc2dc96ce8fa3eb81477925a20f238911e5f5ff71,49.94
0x93d30a4051df1363a11050dd5259494a609ed97e,49.94
0x6c5d0d9eb1243903775ffdbc8f5d29b04ce3670d,49.94
0xfc62310864feb3188179e67f68d00ae253519164,49.94
0x6a983e653d6d7c81fbd29dd7cc638b6f36242d08,49.94
0x512fce9b07ce64590849115ee6b32fd40ec0f5f3,49.94
0xc7d4bf98fb7ba2ca2d1e79d5725a62a42bdeb722,49.94
0x8eeb3170eea4135b88ec6c058f101d41a29d0cd2,49.94
0x0df533996310ec7f7683b9ce90126bca431e2195,49.93
0xe4b205c76b78cf72012d6040c33429dba9bbd19b,49.93
0xe1b0e71dfbf82eb2521ed94508e9b0b6eed6a634,49.93
0xe0bdfb7abb21b4203d25e6b27029a9d423e4f2cc,49.93
0x7bacf22f747f2f4b983081c0aa76dddfecd008ab,49.93
0x285d23ea20ab8138e63889669b091704a1787278,49.93
0x480539e4ec98308936fe2d179e6edf6d8b71ec63,49.93
0xdf164e23284e615ae14db1d7a8b5375ffd0ff65e,49.93
0xef90422ad2b181465d4c50c79018072e1976618c,49.93
0xb528c573ddd7acaba1a1da77a4fd5a1ea4a32990,49.93
0x002f9caf40a444f20813da783d152bdfaf42852f,49.93
0xa1fb1ccf3bd712972b06a089c6c69fe342a52af1,49.93
0xfff7830f9ddb9d48d9e213354c92604ef7e1298b,49.93
0xb082ddfd74748b763f52f04558e5f814a56de67a,49.93
0x736e108bcdd0c48771878caa148c1254689a941d,49.93
0x94d12d7b33a8a745c35a1dac6c5c4a5d60a0259a,49.92
0xcb71eb21f53a2f4de0f26dc90518df10be13d1ec,49.92
0x0e4a51a9a0f3c0f38f9d3d8472985c4a5d020e6a,49.92
0x602b2d2278465ea5823898000140cef95f2b8d56,49.92
0x85cdbf9345cec498a386026f66ce7b40cbbef52a,49.92
0x8878d85f8e7e73645b92e004f4e557488ab32725,49.92
0xe20ee1d250c8d3e0bd140306121001bfdc7a1201,49.92
0xdd3e5ba74dea995d8a057020feb2b0c710e2c982,49.92
0x937a00b56f3fe79909306d72292b965a00fe3406,49.92
0x9f0a988edc96dac834c158ebfe667da932bd87c6,49.92
0x8fc4ce97c58765708492990de43f6aabe38fa918,49.92
0x55d8a4abba8ce97a11825e530f03a95d792b7012,49.92
0x7d8e71187eb70959d23327999d005bfafb506c0b,49.92
0x56ff547bc979402a08218c94da0d3682f47f8511,49.92
0x25cb5b18a3d6c7cf562de456ab8368ed577c0173,49.92
0xf22f00d0b95b1b728078066e5f4410f6b2be8fae,49.92
0x7ed40353909c23fb61bc2bb29096ea1bbe53f966,49.91
0x0e7644049d4db2aeaaea2938aa634179cad5954d,49.91
0x6101783d70c267d0cd749fe40718eb7b599302a2,49.91
0x4b1f2b10a8c7d8b37ecf45659cdeddb54f84253e,49.91
0xb7625573f98f436554fde189bba8f1cdb57a6b97,49.91
0x1390743368d3d548cea3e371f8da81da2ffde2c1,49.91
0x8644daa288acb539a07d3dceb6d58f7a2af60c3d,49.91
0xf4ae6165c3e05ae7426c5b5200e8b9a7565ac595,49.91
0xb6317af995693789900f85b2d93d1dd0f5deb558,49.91
0xfd30f11deb1c80d93533b6c7ab18a46b4f16d908,49.91
0xe41a7de079fe7ce7a35e44ddbd80060704f8bcdc,49.91
0x3566974231473a3456d2305fea0bb0944d2ed698,49.91
0x364dd034d0cbd922289ebe2558b113b04e77f502,49.91
0x641a3550f1b7658e78b806aab0af1dfbd86c5f80,49.91
0x194365fcd494c46c013acd7ef81494759c00123a,49.9
0x7582ac6dc157ed93da48c46593daa011b99e9e3b,49.9
0xc980b6cbd623a2e505a64f1b654f7a042fdf6bb5,49.9
0x0f3114c400031e22d0cd718674359ffbaf32986c,49.9
0x1bdb1783505f626a55a5e3dd3e366df1cd69c055,49.9
0x639cec09a3ad0dedc2951adb00c43a43160273c3,49.9
0x27970d7f5e4241fa3e79eefcfcd302c60b8ff0d5,49.9
0x2075fd8f519895e488fd3b3dab1d41381a1d9ab1,49.9
0xaaed8f7c0729f53479774dfe4c2502890db06a7e,49.9
0x57db5d6aa783cf29af41330569d24957140fd3eb,49.9
0xbc8dafeaca658ae0857c80d8aa6de4d487577c63,49.9
0x316b98c6df382bd218186d0766966459a199dd04,49.9
0xe7d0ae1823582e5e6c3a0f9bb0526d380b16edf4,49.9
0xb0aa3ec179e57b80ef5bdaabcfebcc861741c528,49.9
0xb09cd60ad551ce7ff6bc97458b483a8d50489ee7,49.9
0xec75e6ae612401d4188266eb731697339b9b0f36,49.9
0xf5e23e86ec9f6667b492a7b8196395278fc7b482,49.9
0x78a083d3ffc762515dc0e168c33f186dca76e45e,49.9
0xe264d4f4169ec460c86019b94e390d3957135b6b,49.9
0xa7e9cd3a8b3ed5045f65efe4b9ee6d2d782ccbb1,49.9
0x4e5ad6abfb732ea26920b8cb89da8fb33961dc44,49.9
0xa64268fbafb42c80f976b78f1a8e9b5c88fe1c96,49.9
0x6d1651ba28a5674a8aa1b5713de3415f15b5a2c1,49.9
0x99a70bbde9d02d1855a0148b95962ba037f133ac,49.89
0x19764305e5df2563e2062bcce5429b540d994be1,49.89
0x6555e1cc97d3cba6eaddebbcd7ca51d75771e0b8,49.89
0x7e06b4c65a6bcd3068e692a592211e29955f6566,49.89
0xf55e015769baac7e5861cba62ee775868c335cee,49.89
0xf34f1d3c83ba6dc25f518b986f38a8cecf5eb14e,49.89
0xba333f8ff556bf35d38e102a98daf1c5f6d9d708,49.89
0x5e55444ce48949c8093ca496a4abdc310bbf5859,49.89
0xcf27ec0ae6f3c4aff868b2a19f8dad58cdc8730c,49.89
0xf2201927b27ef22c967793d5eae870d5de19c832,49.89
0xc3e1ceffc8087082baa045a9473edecf3773c122,49.89
0xc66adf81f5002a9f7d8f0e3ec2a523e4a628406b,49.89
0xa010322f3eea1004d16e1687777440b78f2e558e,49.89
0xe99b1148e185d2b8e4e901f60c0230696d3fde2a,49.88
0xf9f2abcc9df889794b60f0791a784f5a97d32920,49.88
0x6365ca7eeac872310727dacebfd5c31fe9ebacea,49.88
0x48b79c0199b0c2ae0c93d3a6c22f82aa0d4c5513,49.88
0xf9ff6714f6555837a3833f083420396fd4ed4ea6,49.88
0xd2eeff73117c86c14f11a6052620848f8dd6e0c8,49.88
0x227033541b0b3b75ff258a47f5f8368fad866497,49.88
0x8c0b27cc305590b1ef0d90a6b41c51dce6e2c5fc,49.88
0x0951ff0835302929d6c0162b3d2495a85e38ec3a,49.88
0x956e4eb19ff4280ce887048fb154d97414eff018,49.87
0x8ee78521568142ad68814a92a15360ceb6e939e6,49.87
0x6c70e3563cef0c6835703bb2664c9f59a92353e4,49.87
0x0e1e3d1869116c657081c69b1610d731e5488006,49.87
0xfa180789020c83cd37bd3438009c688ed3efbb9b,49.87
0x809fa673fe2ab515faa168259cb14e2bedebf68e,49.87
0xb263e97547b3bedc9aa3214c0bc49c5985df26d2,49.87
0x6ec62454447b9adacbebbae86687707a786c8530,49.87
0x3abf8a57b611be2f8269e3f642543555c6179766,49.87
0xec0a545d86744753e7ec0ba92e85e1a366e3bab9,49.87
0xec0b8a38d1f217984a5a22f4d1938d474902f984,49.87
0x890a41bffc0213e479cf470dcdfebe413cce3389,49.87
0x906b7192d8659994eb902feb994fd68d64f04fc6,49.87
0xe6c58978d013b757eb315bd6fd776bee2ee2b63c,49.87
0xe2805dbecba90353dfbc5032d642165bd71bb3ba,49.87
0x188970e1aa6be188c3380894cfb563f915e4c0eb,49.87
0x410c8568c94f707008bb7a5afd36421b0cf6c307,49.87
0xc15792b8578fc26c10de7f88191ecff579151866,49.87
0xc8273dd8a2635a15b0e34f838d0613b7609c30ba,49.87
0x9c59990ec0177d87ed7d60a56f584e6b06c639a2,49.87
0x42ba209ee3547019ece148e7e34e5f268f6bcc8a,49.87
0x165f43003b24d1f8a241ba1883da28eee6a9da94,49.87
0x0e8c28770f789866a0383467f83e34d13d4b0974,49.87
0xe94e85a53845ab266483ffda5b78a0a0f575ccb9,49.87
0xab8791b0ae982187b4fb4ae4612bd4c29ec6c110,49.86
0x6401ad302f83106cfb9fe92ef8e1c53ddb5bb816,49.86
0x579efd8839862c4bdf19407c292dc413c5742546,49.86
0x4defa30195094963cfac7285d8d6e6e523c7f90d,49.86
0x2b50d53c2d10954aea741ae61001c3fb77717e5e,49.86
0x5bf334b9d5dd6ebb1f924ffbc6f3114b6ea828f5,49.86
0xd25562a703f734a69405e7e1dc4dd3b5edabf0b9,49.86
0xd21e9a1471b65465166e99832ade5bd1e3a85c9e,49.86
0xc721921b29618680c19f4a4d1458f82689c126ce,49.86
0x1c7c13756d70a3150caaddf10861eb11634d2731,49.86
0xbf63f97613f796e1de3446e64b529c79e5cc40b2,49.86
0x45c84e29eaf1f15a89bea1e8146a53d68d409cc2,49.86
0xa453d2756d3b30e2f7dc7dd750773e34435bb662,49.86
0x5bec0bdd54bed969ba8b7b4a9ec1f41c2dbba8a1,49.86
0x46885091faf1a59fbf97f1937f40284f068664da,49.86
0xcb59db511a5922303cc867e2853d5cad72698deb,49.86
0xca1132ba4e92a247365b0e8dd1ec23a1fad2fdfe,49.86
0xa9eb0e4da3e799a162d3e8459c8f386ef841ceba,49.86
0x1ea456cb5f130d17179dc506df8cb0c754e9c902,49.86
0xf3ae4bb5691b9d45461cdcdd4becb0c9986a3237,49.86
0x11b6a5fe2906f3354145613db0d99ceb51f604c9,49.85
0x311bf6e6b6d416a808adf524b2fba791bf257e19,49.85
0x50b49fec823a3d86050c91272bce7c8c0df4d71f,49.85
0x8cb3d7be88f28d12d089f38e0dd5ab725a9f60a4,49.85
0xca4a4e011bdeb6e5cbc229b882ee20ad3231096a,49.85
0xe9fa0a8ded2afff8f867dfe820e52bc79cac0c79,49.85
0xa50c6ceff7d7977a530b7b66fcccbe5438405aa9,49.85
0x77bed8137d3c1640d0f45e5cd1be92291d22f7d3,49.85
0x3a7d5efb476f6bc463cb0b06a2ef39d76db564df,49.85
0x858ea8798f5cdb83b08e238a40374bb0e1a54978,49.85
0xae5fb390e5c4fa1962e39e98dbfb0ed8055ed7a9,49.85
0x63f402999a541787983ce4ad0890bb13bce5ab10,49.85
0x38d88e9366bf9b1c79162803f081a993a7ff3dbb,49.85
0x4f28ce380aa718310700f673d96e8eeb8b679856,49.85
0xa82e4d575e09de36f09999c85c2d7237c957374a,49.85
0x42075dd2fd29bc6a10330715631df6d8b698ea61,49.85
0x127f6bfe9b238edec1bc3cc129c4c78cc5727871,49.85
0x2ee0b86ae26a615ab18958a65553f5d6498cfe98,49.85
0xb4be361f092d9d5edfe8606fd53260eced3b776e,49.85
0x5d79fc3e6a91e249c1193d8326a912f949568646,49.85
0xbbabee715c939351a1b2d32c1069bf90a730e2dc,49.85
0xb188ee1daca51ce6b58ccf8a81ce4025a714bc73,49.85
0xac79d6385ee06048665d619e63840d1168afa7e6,49.85
0xb6ca56312079292eca531ccc78ca6e9c8a4371ea,49.84
0xdfea085ef14c3f9c1e363ecacd8e5e6ef24a9e1d,49.84
0x7ab83b5e9a93f55cba6776fee1b6b8a73f78dc5b,49.84
0xf80d693281a6984c375d1b37ef55c90b2892b0e9,49.84
0x5d47e5d242a8f66a6286b0a2353868875f5d6068,49.84
0xa06dd7ae30effce6d0aa7fd0fe1a0cd4a1329e4d,49.84
0x47b2efa18736c6c211505aefd321bec3ac3e8779,49.84
0x931292c42a5f600e80d75b7c7743f0164240882c,49.84
0xf1caf10c5fe421660e8fdf2c0cdaa0be68633b3e,49.84
0x9389d9e95f8d409b1e6ca7085f0ada92e546ee5f,49.83
0x1f4508e6758e12397fbc7a15df4d53a63e03c78e,49.83
0x17cb8e52c2ac32aad94b72758ebf8e84f0d94f8c,49.83
0xd441b7e82e11d66b981f879fb1d4720876ec941b,49.83
0x6f9bb7e454f5b3eb2310343f0e99269dc2bb8a1d,49.83
0x3b2e298b401d1e11ce6ee82b54792ca435ce81ec,49.83
0xdcc25317980744fb683c5027a1f740e1904d0422,49.83
0x7a69bd5a31f3388ed2eb2a7464aa462c658d1929,49.83
0x30377714d83f02be07189b321c94d554fcaeb3df,49.83
0x3d1d660de74051409ad0abe7983277b2268456bb,49.83
0xdbf156853b040431a3e5d6d0802800b29e6ebf99,49.83
0x12690cdba85ce9f5200110bdf391567e8635d759,49.83
0x800c443d4fc0048d2f4a83d64cdec93a824be745,49.83
0x19ca95b64d52ccf91408b63b042182223c8c2f1c,49.83
0x6b719561b3c2163cab0ace33d2495d54a70edd3f,49.82
0x6cbf891ec109e6e9e1893dd33f145719540cd834,49.82
0xeee61d4100c2a8fe0c3b3e9e9dd6b8afd2f2d40d,49.82
0x9b6a90997514d05ae15b06262d9d60240c67b7ad,49.82
0xe10746aeac9cc260afe434951bbbc48816ad1b71,49.82
0x4c0c59f3e1e8727c60ed7bdddbb454ce4814458d,49.82
0x1bffafe206cfab42b23dad63cf0b603a673deb64,49.82
0x82caf43842862259e610889ea9b67b5392885075,49.82
0x1e2bfd353d26e4ad48933c1b518a453d1440969f,49.82
0xfccb964c514c12794509ed62fa274f0e284cee82,49.82
0x80c013d980ab049471c88e1603b8b4a60e03295c,49.82
0x06d57af6792edf066046aaf958d92ae5558e0e56,49.82
0xd87cfd8757db0aa5b3380bc8009881f64f76bd20,49.82
0x9e8e124a8099f08477ca8325255fd357d790ce2d,49.82
0x2b32c3ecaf47ed3ad459565c472182f56414c9b2,49.82
0xae8f0d02e1d9ac5fa999930027e03d299b5d987b,49.82
0x72d9f391dfc352105b8aa391475007d4bcefe1e4,49.82
0xfd2a4bb21e1419598f65407b6d5ae8a19eaec014,49.82
0x50481e120c49588779bb110bb5a0d468661ca5a4,49.82
0xbe0f77b3daf54658fd39ce81f1588d93d8c0b12d,49.82
0xc1d112db497d0f814dd5e9d694106a78ad478af7,49.82
0x3b65216e13db79a863823f637c6c429e89d72c22,49.82
0xc37027c11b6b416462aa7b589e6f7937ce220327,49.82
0xcf0368aafe3f9e9d89a5b194b493f13d1d61f96c,49.82
0xd53046601e88ea3d7ec29f723ee855ac1ae7ab60,49.81
0x914ebffcbd9ad6a35286c1b269e6310e345e42dc,49.81
0x4a2fcc8afeb7034c650e0fbb0fe93cdf97220c1b,49.81
0x9eb24c1ea221216158b7908179c13192fee89b4a,49.81
0x9de91512807a33d1df1d7ad07a99b220ed719269,49.81
0x340740832809a116593b148feffb463825b14248,49.81
0xa4a0ec379f72fa5e1c7d7df29a40d74e4346f398,49.81
0x5da581400c1a404811ab251680e24eb73f679f18,49.81
0x65c1d220e067b9339e7d136c74e88365b57aeb53,49.81
0x9a0a34df1692f73e4aa8347c734d092e8b652df7,49.81
0x304acce87b3dd9b5019d32fa53866060e5032325,49.81
0xc39fa89b072e923b73d19537044d72e502990031,49.81
0x3538231cf9b57a35d5bf3c0d3b9ea54ff5863465,49.81
0x706cc11bcd1b4432157f6b3a63536585b2d98e8a,49.81
0x96c85035e25b31b7d0c15d11149b2479e4edc704,49.81
0x5fa079673749104641b0e59388a87c84c2843fe6,49.81
0x8eaf636e86df53277c5006a7006b61392d11b12e,49.81
0x8e87cb675e0f1f5ba60e06446faa3cfe4816b9e5,49.81
0x825d4f26ac2f18dbd1fdee85c710abd6aaf78b7d,49.81
0x99e39611e125ad59214ab8bc62c2e79ef39d1ae0,49.81
0x206e3058eb8ddae476ca1e3936259209dc01c2db,49.81
0x0249709880fc44b72f00abbe7f6120c9a61bade7,49.81
0xb54078fcda3bc8e94ab6acf12ee651b1413a8985,49.81
0x59de64f518f99b310e8e0014823b08e849eb7a24,49.8
0x23a49a9930f5b562c6b1096c3e6b5bec133e8b2e,49.8
0xa00e47c8fbe274ab3c24b08081d661c8536bc80c,49.8
0x3444ecc6425b8cf1bbeb1a0e67d5a3ed51771501,49.8
0xcdebcf59ee33978320ca2ebcd433ace6144c63c4,49.8
0x9eff806ba579ee2bd51bd35b63cd19f6bd6dd0bd,49.8
0x009c07cc41a358176c97b525284d50f4960bc939,49.8
0xa43ce8cc89eff3aa5593c742fc56a30ef2427cb0,49.8
0xe4e9bb2c6aabcae687352ba00214771dcd538a35,49.8
0x138dd537d56f2f2761a6fc0a2a0ace67d55480fe,49.8
0xeb64340f380b8c2e708c390a1a6be7d7c9c1c4e8,49.8
0xbe746b3639af3d3f3a743318f11ce4073e71f42d,49.8
0xaaa62dfeb5f428c4c7b03743ebc7ac1e7bc4bc8e,49.8
0x7b2e78d4dfaaba045a167a70da285e30e8fca196,49.8
0x903ddd91207f737255ca93eb5885c0e087be0fc3,49.8
0xb24b54fe5a3adcb4cb3b27d31b6c7f7e9f6a73a7,49.8
0x4394108a847703e28d7af2b7f76d557e6cb45254,49.8
0x61990ebee5faa2b7814a0ffac869bbeae748457f,49.8
0x933c69a50bab41cd9c66c911dd8110c957c2611e,49.8
0xaf5d6846a4b7c2cdfabebf001382bc9cba4dd266,49.8
0x3e7dd7df9c1ffd12b8ecd94a27472bdc4d87ab7e,49.8
0x3e4364137ab4298dfdd19c00e333561a3bfca53d,49.8
0xe34c3fb6f252c676f3697d5b913236ca3510f36d,49.79
0xa401742a25aedef3e807a0fca064621c0574cb9f,49.79
0xf3ae7a5ff2863247b83661cda7050d9df4bc9ce4,49.79
0xc25c0092307a5b8afd8a4bd01351a92579040951,49.79
0x3b38df411221126688b7ca4cd3b5c08144e558e5,49.79
0x7b32e91fe1e1c7b60f9ae6d8315f2b92fb505141,49.79
0x57abba3830751b3f5023710c5fb6c64405270366,49.79
0x6be8f8c73fff5b3ecd4b179cf029774f519abeaf,49.79
0xda46d200053ca2402b4b447cc975da61c744c23a,49.79
0xfadf6dbc1e85a25266d395f8063ce4f7c57f8534,49.79
0x2fa1859029a483defbb664bb6026d682f55e2fcd,49.79
0x2fcda75f0038d54bd0f0d88d5db2a62ea298af36,49.79
0x062799b5a2fc009f5d8b48360a05c497d8be8364,49.79
0x7d685ab185ec504ab6fbbee625714dcd7bfe436a,49.79
0x66bbcd3d44d820767850ec6d9a5cd3739cc216fc,49.79
0x60c514df3dd8bda1d67ca0f6e2d9184f4aefb279,49.79
0x01e8a979e7c5a1bb5c7af02a5f11263d0af4c19e,49.79
0xc06c22a00b722fe5822e89720fe1c1e1c87aae22,49.79
0x7ecb7a50d54d7985604dba59acb2705b0871572c,49.79
0x36faa1e49ff125ac72ceae0d5a2e35bc9add6591,49.79
0xd7b4f76be7e0212bf52020e2e86ad989b81d16e5,49.78
0x65d25e3f2696b73b850daa07dd1e267dcfa67f2d,49.78
0x49dd6999474e83106a87724e50fec0882df7980f,49.78
0x80b716753ca862ef3bcb7426a35778c72095eefb,49.78
0xd047b65f54f4aa8eae6bb9f3d9d5d126fe722b9f,49.78
0xcce25be0e833dc0ffcefa12bf1867a972e15bc2b,49.78
0xd212f73a389966da5f493a302518639ee8296dc8,49.78
0xcf444a898778ed425105dc71482557da1d26ceee,49.78
0xcbdb75a5741561e347d4508d96d850f83dcc36ca,49.78
0x5c218ebcb29ab26fa9ba23c7f1a03175c5759bc6,49.78
0xc59ee6fb0e286d6568950834dfe7694ed9f4bc7f,49.78
0x3da55f052f1db425c93a944937faeb361cf6d35d,49.78
0xdfab10160b6fb43b241c581540e46229c581b1b6,49.78
0x0235a450c1e56006217506ce78c5cbc8627b9097,49.78
0x901e9ffe28c136759399025ef9d2da2ca9089bd2,49.78
0x018f2071db8b2ccdfa713984b01a6c3b7d758024,49.78
0x8acdaed8cdb1d9e4c298cbda2352c4404d49db4f,49.78
0xb1a428f7cf26db51efd8631ab1869d7cd4f42177,49.78
0x9eb7fa865937d1e92a1c1d10ccb5240757e93227,49.78
0x275c69284ce670e88b5539355d94bd0601981d1d,49.78
0xa62ba163e57219fa1e67ec21cc101b5e5167d111,49.78
0x9885a84930e3c8c865a1d3debdc204f990bab7c3,49.78
0x8c0e1c1b7ca56cbf74b88de1c07e0a7216ee90b6,49.78
0x8c40598633b68bcae91fa3199b5421c65c8cf82c,49.78
0x1f8a9aa97618c77fad4be22fba26d4ea0507119c,49.78
0xfe864dfdae2992e9229ea4b3ef63df6118f6976f,49.78
0x970991bdd61aed3c2cf91e9bf6944960561dbcf5,49.78
0x82990656227e21064f63c9976013ab3181b7db7c,49.77
0xaeb84158bbd553d4fbb152a403c7bdaf5e10517d,49.77
0x930a7cd60a633128b7c5181307781e6d033ba51a,49.77
0x0073c423a0b5d88b330d481301025db1ab65d891,49.77
0x0c3f70c14b8bb96d6b74af35c6ab7f85f77a23ba,49.77
0x92bb3b6356783697ad48c279e0cac56593feaa7c,49.77
0xff77c5277c1ae715745d5a3f401dc848cdc89b86,49.77
0xca9ba74ee20917211ef646ac51accc287f27538b,49.77
0x82338b1b27cfc0c27d79c3738b748f951ab1a7a0,49.77
0xf8884b58666c100042a804bbaff2ae09ab262007,49.77
0x70564145fa8e8a15348ef0190e6b7c07a2120462,49.77
0x37acfef331e6063c8507c2a69c97b4f78c770a5a,49.77
0x9a31ec2df5d42aa0537ff845b01512112d94a7a4,49.77
0xd75e524050b363611be0b3da4710dd5f50dd3021,49.77
0x6c11c151adc437db6b95968997ab8caa0d7188d0,49.77
0xc55b3b8545eefdeab26409c0a61abba23b6220fc,49.77
0x3d41bd2623c454ccf12cb1a943b3a2fe1a7a3f86,49.77
0x972723ab7c0121f8182b5f19a0015959fa776794,49.77
0xbdc986c3a8b6a0f6fbae9a1b22b64e3904fdd1b3,49.77
0xc009c7ae5f3e6df9810a8244ed9c9e3d35b789a3,49.77
0xbf937ab53c4a0c9be6c7fc74c8538434acaeaecf,49.77
0xfd0101d908bf7e4a03168b6e90aa7f1e70606225,49.77
0xa5cd3bc3f3d34b3a716111643e19db88bfa649c7,49.77
0x004537fcd9095489ebe38180a382341b962b501d,49.77
0x55b5c9a8bb1011f3425838e46329edcb76702f47,49.77
0x516b1b996f22cdfef20f6b54f7b027df95c438e7,49.77
0xa1349cde05c534e747dca402eab1c901121890d0,49.77
0x0ae3a4258ce1b9b53d74f6f390c14c4010c81ad0,49.77
0x1f92fc15bcbeb4dd24eefbead8d7aee409f891dc,49.77
0x1268757e441481ee97f99ba28d624f261b3c14d5,49.77
0xd127967a300c74dc05547fe5a4918e85fbb22455,49.77
0x21bbfed76f3e3fe03d07f98771c3fe188698d0ef,49.77
0x649f2aa41cee456b033bcde5588f9f1cf3d63184,49.76
0x5848dab2597441f1311588f38236543c049bf52f,49.76
0xf788d9c49f26696d04754395e730d5a23c844836,49.76
0x46f996328bf027cc2daa8bcf77c3a1d064a8a383,49.76
0xb0e83c2d71a991017e0116d58c5765abc57384af,49.76
0x6bc497332b40127d7202dc3bd9a9ec9b42a0108e,49.76
0x090e1fdc0cb866317751f0621884a203a8d797aa,49.76
0x0c8f904694c9017270e5915a399f96185b6dc47f,49.76
0xc6654898d96e97199a8d14e534fe92dd6b2674bd,49.76
0x879752965c099e91d1fac7ddd2f3d27c0e441397,49.76
0x1000f47de952a518ef7bfc3376becc6e70f94939,49.76
0xb0a4e99371dfb0734f002ae274933b4888f618ef,49.76
0x52eeb7027c0a393d977254b21d830eab19c2a99f,49.76
0xb7a158f6231c2e894a57640deef4767526321fe3,49.76
0x7219786a67c3ccaf08545d8cc5634af1eb869e5c,49.76
0x70f4c4a9a94fddcbfee4ca5b527402e30458f82d,49.76
0x33b1f5a94e64150921c2ab69279a6c24e3169ccb,49.76
0x8e21459e973012d923ccc2572fad1da5725ad3a8,49.76
0x0affccd762f0a7fa1bca40c51afe1a806a74a6f9,49.76
0xaf0f557a9a7e84bdd02adbc14962df2789d95d4e,49.76
0x7feebd9f278f36bf2900b7580805339e9167e3b6,49.76
0xfacc6271974a080bf4953fcdb8e20933b77b4e11,49.76
0xb17ddd51d6121cf4e9b2decdb97c7c3ded072678,49.76
0x5bfadd091798052fe34a6e360f73810fabc7b0d7,49.76
0x836fd05a18dc13aa8885a718278e6a316ecca1ff,49.76
0x1957c8be180d95e16caabd3505f4214abafc728c,49.76
0xc09d4c25850938977110a43ba16fe60c16742b47,49.76
0x570ce6badac1c25b2d007e808a4d1b92eccddda9,49.76
0xca32b377bd23015f119b65c14a66a2da54a1a34e,49.76
0x07b6c918ab36928aed3a841b33ca674d5f600f40,49.76
0x7225ac33941112883620212d651714c1e4aea0e0,49.76
0x9da521610b3eebeec6949168540526d15cfa2c64,49.76
0x5276982277e69c70e18963d786bf30a6428cbaf8,49.76
0x09a9601349928e391fb12bab0270999d189072ee,49.75
0xef492b2d863b4e68330b4ed0b39708d3846b3420,49.75
0x95ad647b9e6174294573aa4b8a2681ec20d44594,49.75
0x6f00ce7253bfd3a5a1c307b5e13814bf3433c72f,49.75
0x2b1fb0243f003eeb738dc91210ea6b3d6d601c1e,49.75
0x2b2eed49b88eb13131f6eae7eb951d7e2be0a51c,49.75
0x7c8dd864ded4030d42883b72dc7643bd7646f1ca,49.75
0xdc5e2422ae2d45f7f7f5b4109624285bb9b358f8,49.75
0x8e831f16c2aec702f3ef81f2b6ae70dd19fbe08c,49.75
0x3d9f3e5169c407151bf4611e4241c25bc1167ea9,49.75
0xb1d6ea93bbac8f4b5a3c42bbcbad1368a91f4857,49.75
0x6216017ba2e4f1df2fd9824305cf994fe9307256,49.75
0x1c3598c87714f93413f88f955028bf00c3888ba1,49.75
0x6bb740b57627123ecb2debe195ea5b225b4f9ad8,49.75
0xeabf7dec6253f3ddbcb70a93fa9a5d6470f6cf74,49.75
0x4cdf088ac50af486498b9994193a3999b74a4003,49.75
0xcdc480a8dfd81d3664767f4d91880b38858bab75,49.75
0x220edf2a786c0f93787ea09ffa2acf9b94fdb3b4,49.75
0x02c5538202d60d26d87b7c9929eda68fc87e6466,49.75
0x56fe14a30aad9595b5fc05fa7922403cb6c2951a,49.75
0x4f4a88b7254752d8cc372ec97fe558b526faecd2,49.75
0x5ee253de06206452b32386cb260aede93464f2f3,49.75
0x5f91a6795537bb179b6cce3e9032e5f861308460,49.75
0xff9f1159199c885d177ff2adbb2867d7f9227180,49.75
0xa66aa61a67ee8dbd4a0dccd6fa6e3b0aaad49bc0,49.75
0x1238554cb6a3bad570a0714f57c432ddf1d55753,49.75
0x9cd6a59a40b7a88512999afc90220e5942e182ac,49.75
0xc96265c36f6d77747f9c259946a1ef55fce946b7,49.75
0xd0554b8dc33b4be4bee98718a7b5f8009a67a6b7,49.75
0xc7bde5d00c8e0255b6a262a16fd7d5533e436e0c,49.75
0x523c8b962707252201fc9289289081507f58af4d,49.75
0x868e6cb354d1fde30e8e7fcebe1afeaed9ff28ce,49.75
0xa2c0a10020c0cbfb4b2cf9a60f65c28a793b268a,49.74
0x52e0b17cc061d1ff9bbf986ef2408a660a2d30ab,49.74
0xa50ecb238bfa1b1c9050c58cf3e99c99260c4ed1,49.74
0x1464d4e3c815de3028572b850c6c34dfc57e9320,49.74
0x14fae4fe41507941f06000f31f267eddb53cc382,49.74
0x8f8c3405dab9b221a5f2c70868124aa83d4ac40b,49.74
0xe6056f52719cbc225d7093b50180b4eacf024909,49.74
0x53738166c362470e3d1c62811f99798434025d3d,49.74
0xf8e562f4f30c5dda0978857067d6585265da3437,49.74
0x58e92c4128a4c231e3af7daf205682e37689a759,49.74
0xf7801b408c5e3d352e9d67ee2774ae82800bc2d7,49.74
0x9628be77fb3dcd890fd93a5d039092fca855d3cc,49.74
0x69d8414d216a7540668e97ec5be5c1be5936fbb7,49.74
0xd6d30f186e802c1558b8137bd730f7f4aec17ae7,49.74
0x9a8f763bf3ef60b919d3f921f0e1b6e3ff8b30fd,49.74
0x64aae5656401a936ecc5c9e655d324d3d86953d9,49.74
0x2b354cfa9170febc4829d499af094c70c7920334,49.74
0xc9f258df3b771a745d812a4a70e08054304ac7e4,49.74
0x3d534d4f6099b94846b905068bc1d420258065e8,49.74
0x014d808541240a693b48819a600b401cf6b3b8b7,49.74
0x116549cd0715ce44f4c6bccb5b268ebc76e3969b,49.74
0x74e2f04def059397d4a3382fd4a85df062d75bf4,49.74
0x5bb73e04b810527b14b87c37eff3d62481f2d416,49.74
0x4b80761dd2aa8cc919c15080051e36bfd9ad92cd,49.74
0xec305d1588a1aed8e613e493bfd08fe31fa3d7bd,49.74
0x1048e693b121a6386f024f2e97ea17e28537b99a,49.74
0x0353e34eade74802807a59daa2245e2413b839e0,49.74
0x8877bcb2223682048badd5b09b7ee5a8fa2f3424,49.74
0x82b13de76ee899d15a78bf618c1dfc90e0043937,49.74
0x8cd4a27aced006537435768adff1d6a66fdb5978,49.74
